{
  "dw": {
    "coef": 4.3040450205512215,
    "intercept": -2.6614691045959393
  },
  "rr": {
    "coef": 4.383016773769817,
    "intercept": -2.665082739920604
  },
  "radio": {
    "coef": 4.288960128613895,
    "intercept": -2.1197439989715163
  }
}
