{
  "dw": {
    "coef": 3.670442238777736,
    "intercept": -2.29440411080956
  },
  "rr": {
    "coef": 3.195702527204554,
    "intercept": -2.5071766326731053
  },
  "radio": {
    "coef": 3.487907756153188,
    "intercept": -1.810888134776043
  }
}
